{"cameraMode":{"drawMode":0,"name":"Shaded","section":"Shading Mode"},"sceneLighting":true,"audioPlay":false,"sceneViewState":{"showFog":true,"showMaterialUpdate":false,"showSkybox":true,"showFlares":true,"showImageEffects":true,"showParticleSystems":true},"in2DMode":false,"pivot":{"x":39.99846649169922,"y":385.69464111328127,"z":-12.657041549682618},"rotation":{"x":-0.09145690500736237,"y":0.847996711730957,"z":-0.15562479197978974,"w":-0.4983520805835724},"size":501.9189453125,"orthographic":true}