{"cameraMode":{"drawMode":0,"name":"Shaded","section":"Shading Mode"},"sceneLighting":true,"audioPlay":false,"sceneViewState":{"showFog":true,"showMaterialUpdate":false,"showSkybox":true,"showFlares":true,"showImageEffects":true,"showParticleSystems":true},"in2DMode":false,"pivot":{"x":863.2249755859375,"y":70.59375,"z":824.4918212890625},"rotation":{"x":0.4096626043319702,"y":-0.26673638820648196,"z":0.12654443085193635,"w":0.8631682991981506},"size":181.21517944335938,"orthographic":true}