{"cameraMode":{"drawMode":0,"name":"Shaded","section":"Shading Mode"},"sceneLighting":true,"audioPlay":false,"sceneViewState":{"showFog":true,"showMaterialUpdate":false,"showSkybox":true,"showFlares":true,"showImageEffects":true,"showParticleSystems":true},"in2DMode":false,"pivot":{"x":753.814208984375,"y":89.86512756347656,"z":427.58367919921877},"rotation":{"x":-0.114557184278965,"y":0.47410979866981509,"z":-0.06237608194351196,"w":-0.870753288269043},"size":26.647369384765626,"orthographic":true}