{"cameraMode":{"drawMode":0,"name":"Shaded","section":"Shading Mode"},"sceneLighting":true,"audioPlay":false,"sceneViewState":{"showFog":true,"showMaterialUpdate":false,"showSkybox":true,"showFlares":true,"showImageEffects":true,"showParticleSystems":true},"in2DMode":false,"pivot":{"x":400.0607604980469,"y":42.10133361816406,"z":406.75244140625},"rotation":{"x":0.696414053440094,"y":0.0032293330878019335,"z":-0.003133881138637662,"w":0.7176260948181152},"size":112.66108703613281,"orthographic":false}