{"cameraMode":{"drawMode":0,"name":"Shaded","section":"Shading Mode"},"sceneLighting":true,"audioPlay":false,"sceneViewState":{"showFog":true,"showMaterialUpdate":false,"showSkybox":true,"showFlares":true,"showImageEffects":true,"showParticleSystems":true},"in2DMode":false,"pivot":{"x":890.9114990234375,"y":134.3594512939453,"z":840.955078125},"rotation":{"x":0.32730865478515627,"y":-0.6262520551681519,"z":0.32652193307876589,"w":0.6277673840522766},"size":35.26688003540039,"orthographic":true}