{"cameraMode":{"drawMode":0,"name":"Shaded","section":"Shading Mode"},"sceneLighting":true,"audioPlay":false,"sceneViewState":{"showFog":true,"showMaterialUpdate":false,"showSkybox":true,"showFlares":true,"showImageEffects":true,"showParticleSystems":true},"in2DMode":false,"pivot":{"x":774.7098999023438,"y":134.26248168945313,"z":817.4640502929688},"rotation":{"x":-0.04935162141919136,"y":0.9470496773719788,"z":-0.2627270519733429,"w":-0.17791664600372315},"size":55.89311981201172,"orthographic":true}