{"cameraMode":{"drawMode":0,"name":"Shaded","section":"Shading Mode"},"sceneLighting":true,"audioPlay":false,"sceneViewState":{"showFog":true,"showMaterialUpdate":false,"showSkybox":true,"showFlares":true,"showImageEffects":true,"showParticleSystems":true},"in2DMode":false,"pivot":{"x":969.310791015625,"y":110.69862365722656,"z":524.1715087890625},"rotation":{"x":0.041111309081315997,"y":0.945213794708252,"z":-0.2961355149745941,"w":0.13126567006111146},"size":12.789191246032715,"orthographic":true}