{"cameraMode":{"drawMode":0,"name":"Shaded","section":"Shading Mode"},"sceneLighting":true,"audioPlay":false,"sceneViewState":{"showFog":true,"showMaterialUpdate":false,"showSkybox":true,"showFlares":true,"showImageEffects":true,"showParticleSystems":true},"in2DMode":false,"pivot":{"x":400.8486633300781,"y":40.05967712402344,"z":398.58538818359377},"rotation":{"x":0.3037359118461609,"y":0.02229188196361065,"z":-0.00710871908813715,"w":0.9524702429771423},"size":4.915096759796143,"orthographic":false}