{"cameraMode":{"drawMode":0,"name":"Shaded","section":"Shading Mode"},"sceneLighting":true,"audioPlay":false,"sceneViewState":{"showFog":true,"showMaterialUpdate":false,"showSkybox":true,"showFlares":true,"showImageEffects":true,"showParticleSystems":true},"in2DMode":false,"pivot":{"x":3.6148409843444826,"y":38.56687545776367,"z":4.777721405029297},"rotation":{"x":0.11654282361268997,"y":-0.26420268416404726,"z":0.03218129277229309,"w":0.9568678736686707},"size":6.157366752624512,"orthographic":false}