{"cameraMode":{"drawMode":0,"name":"Shaded","section":"Shading Mode"},"sceneLighting":true,"audioPlay":false,"sceneViewState":{"showFog":true,"showMaterialUpdate":false,"showSkybox":true,"showFlares":true,"showImageEffects":true,"showParticleSystems":true},"in2DMode":false,"pivot":{"x":836.734130859375,"y":37.869232177734378,"z":836.7686157226563},"rotation":{"x":0.46415671706199648,"y":-0.1563253104686737,"z":0.08355436474084854,"w":0.8678625822067261},"size":187.00445556640626,"orthographic":true}